,category,gene_program,p_h0,p_h1,log_bayes_factor
0,4,Ghrl_ligand_receptor_target_gene_GP,0.025159715303959034,0.974840284696041,-3.6570295306272596
1,4,Ctsd_ligand_receptor_target_gene_GP,0.911657771456093,0.08834222854390705,2.3340464362983773
