,category,gene_program,p_h0,p_h1,log_bayes_factor
0,6,CSF2_ligand_receptor_GP,0.9418994217114479,0.058100578288552085,2.785722880713135
1,6,St6gal1_ligand_receptor_target_gene_GP,0.9340616633142946,0.06593833668570537,2.6508224440524057
2,6,Tarm1_ligand_receptor_target_gene_GP,0.9254376417764757,0.0745623582235243,2.518630953444444
3,6,gamma-Aminobutyric acid_metabolite_enzyme_sensor_GP,0.07497917660658969,0.9250208233934103,-2.5126058192831797
4,6,IFNA16_ligand_receptor_GP,0.923999999996632,0.07600000000336804,2.497978731295316
5,6,Phosphate_metabolite_enzyme_sensor_GP,0.07648106518694599,0.923518934813054,-2.491148106434161
6,6,ADP_metabolite_enzyme_sensor_GP,0.9222098154044454,0.07779018459555465,2.4727575019559174
7,6,Testosterone_metabolite_enzyme_sensor_GP,0.08610927010404244,0.9138907298959575,-2.3620939404089674
8,6,Col9a2_ligand_receptor_target_gene_GP,0.9099285454164919,0.09007145458350807,2.3127627797540544
