,category,gene_program,p_h0,p_h1,log_bayes_factor
0,16,CD59_ligand_receptor_GP,0.0626460274842341,0.9373539725157659,-2.7055607117887375
1,16,IFNA10_ligand_receptor_GP,0.9354209690180704,0.06457903098192963,2.673106901900832
2,16,Melatonin_metabolite_enzyme_sensor_GP,0.0681,0.9319,-2.616248299622532
3,16,Wnt2b_ligand_receptor_target_gene_GP,0.08093514262739508,0.9190648573726049,-2.4297085680784924
4,16,AMELY_ligand_receptor_GP,0.915094173781863,0.08490582621813703,2.377484266694466
5,16,CD52_ligand_receptor_GP,0.9140342024690741,0.08596579753092592,2.363918477368102
6,16,Fgf21_ligand_receptor_target_gene_GP,0.09042290474055742,0.9095770952594426,-2.308482154667148
