,category,gene_program,p_h0,p_h1,log_bayes_factor
0,2,Ghrl_ligand_receptor_target_gene_GP,0.04995250158207498,0.950047498417925,-2.945439396096665
1,2,Il9_ligand_receptor_target_gene_GP,0.07106477918425218,0.9289352208157479,-2.570447162404406
2,2,Ctsd_ligand_receptor_target_gene_GP,0.9149665859056655,0.08503341409433451,2.375843260225989
3,2,Copa_ligand_receptor_target_gene_GP,0.08851066778633901,0.911489332213661,-2.331956805781306
