,category,gene_program,p_h0,p_h1,log_bayes_factor
0,5,EFNB2_ligand_receptor_GP,0.9168838643617784,0.08311613563822162,2.400741962504148
