,category,gene_program,p_h0,p_h1,log_bayes_factor
0,11,Add-on_95_GP,0.9701712807854903,0.02982871921450969,3.4820009725559014
