,category,gene_program,p_h0,p_h1,log_bayes_factor
1,10,HLA-DPA1_ligand_receptor_GP,0.9786741254845394,0.02132587451546064,3.826277620931061
3,10,SERPINA1_ligand_receptor_target_gene_GP,0.9769520933416301,0.023047906658369866,3.746862668453249
5,10,B2M_ligand_receptor_target_gene_GP,0.9707078558281405,0.029292144171859547,3.500706190532095
8,10,HLA-DQA1_ligand_receptor_target_gene_GP,0.9626859641977787,0.03731403580222126,3.2503577061954574
