,category,gene_program,p_h0,p_h1,log_bayes_factor
0,5,Add-on_7_GP,0.9657601862427737,0.03423981375722629,3.339526437031651
