,category,gene_program,p_h0,p_h1,log_bayes_factor
0,3,PDGFB_ligand_receptor_GP,0.9616822126203064,0.0383177873796936,3.2227698449325546
1,3,IFNK_ligand_receptor_GP,0.9576618195219724,0.04233818047802762,3.1188054181478146
2,3,Prostaglandin E2_metabolite_enzyme_sensor_GP,0.06328858588089292,0.9367114141191071,-2.694670250531228
3,3,FYN_ligand_receptor_GP,0.0691,0.9309000000000001,-2.6005971293354224
4,3,EFNB2_ligand_receptor_GP,0.07670172831074595,0.923298271689254,-2.4880280953747502
5,3,NRP1_ligand_receptor_GP,0.08481687865291712,0.9151831213470829,-2.3786296141504812
6,3,Angptl4_ligand_receptor_target_gene_GP,0.0888099348914752,0.9111900651085247,-2.3282529858293115
7,3,Sbpl_ligand_receptor_target_gene_GP,0.0893720355069038,0.9106279644930962,-2.321326601072376
