,category,gene_program,p_h0,p_h1,log_bayes_factor
0,7,DEFB4B_ligand_receptor_GP,0.0794078886566516,0.9205921113433484,-2.450419345620423
1,7,Vitamin D3_metabolite_enzyme_sensor_GP,0.08956835648970066,0.9104316435102994,-2.318916727141762
