,category,gene_program,p_h0,p_h1,log_bayes_factor
0,6,DEFB4B_ligand_receptor_GP,0.08530878412146582,0.9146912158785342,-2.3723091109789087
1,6,Vitamin D3_metabolite_enzyme_sensor_GP,0.09098613118437199,0.909013868815628,-2.3016532609393576
