,category,gene_program,p_h0,p_h1,log_bayes_factor
0,3,IFNA8_ligand_receptor_GP,0.9203694470190962,0.07963055298090382,2.44737731164537
