,category,gene_program,p_h0,p_h1,log_bayes_factor
0,2,Ghrl_ligand_receptor_target_gene_GP,0.025045570152773502,0.9749544298472265,-3.6616937595642756
1,2,Il9_ligand_receptor_target_gene_GP,0.0881767632156732,0.9118232367843268,-2.336102679265656
