,category,gene_program,p_h0,p_h1,log_bayes_factor
0,2,Ghrl_ligand_receptor_target_gene_GP,0.025036697810715623,0.9749633021892844,-3.6620571705038
1,2,Il9_ligand_receptor_target_gene_GP,0.08822336184239749,0.9117766381576025,-2.335523244330289
