,category,gene_program,p_h0,p_h1,log_bayes_factor
0,5,IFNA8_ligand_receptor_GP,0.938059803023428,0.06194019697657205,2.717644348188322
1,5,EFNB2_ligand_receptor_GP,0.9170254375341322,0.08297456246586776,2.4026011273024506
2,5,CXCL1_ligand_receptor_GP,0.0857,0.9143,-2.3673059195560717
