,category,gene_program,p_h0,p_h1,log_bayes_factor
0,1,COMPLEX:IL12A_IL12B_ligand_receptor_GP,0.07679438221309007,0.9232056177869099,-2.486720491636746
1,1,VSTM1_ligand_receptor_GP,0.08322731739764275,0.9167726826023572,-2.3992839209986307
2,1,COMPLEX:IL17A_IL17F_ligand_receptor_GP,0.08589596448609932,0.9141040355139007,-2.3648075407001263
3,1,IL26_ligand_receptor_GP,0.08771160004188899,0.9122883999581111,-2.3419020078905985
